id,tipo_direccion,direccion
149,NULL,5407 Blandit St.
197,NULL,790-7746 Morbi Av.
283,NULL,319-8879 Ac Avenue
133,NULL,Ap #879-2707 Elit Rd.
70,NULL,"P.O. Box 881, 2449 Auctor Rd."
437,NULL,Ap #375-4084 Nulla Rd.
63,NULL,879-5503 Accumsan St.
211,NULL,"P.O. Box 475, 1267 Morbi Ave"
73,NULL,445-6350 Sed Rd.
173,NULL,2074 Nec St.
492,NULL,"P.O. Box 185, 7148 Ante Road"
386,NULL,536 Tortor. Road
485,NULL,285-8549 Dignissim St.
328,NULL,Ap #721-3823 Sit Rd.
356,NULL,830-5463 Sed Road
347,NULL,Ap #909-3496 Magnis St.
372,NULL,474-4250 Augue. Rd.
244,NULL,"Ap #785-494 Nunc, Rd."
319,NULL,757-1869 Sodales Road
175,NULL,6137 Parturient St.
94,NULL,Ap #134-1600 Dictum Street
348,NULL,128-8607 Nunc. Rd.
443,NULL,236-6697 Nec Avenue
489,NULL,378-818 Velit Ave
238,NULL,Ap #414-5782 Sit Ave
129,NULL,Ap #277-5938 Risus. Street
180,NULL,Ap #980-3861 Dolor Avenue
187,NULL,607-242 Neque. Avenue
286,NULL,Ap #795-7711 Consectetuer St.
481,NULL,Ap #714-6578 In St.
279,NULL,804 Commodo Avenue
351,NULL,"P.O. Box 575, 8261 Lectus Rd."
304,NULL,102-884 Adipiscing Street
275,NULL,978-2847 Egestas. St.
31,NULL,303-293 Nam Avenue
336,NULL,"849-6666 Iaculis, St."
293,NULL,"P.O. Box 596, 2341 Augue Rd."
331,NULL,Ap #872-4567 Quis Av.
228,NULL,9234 Sed Street
364,NULL,332-1689 Diam Ave
9,NULL,"357-9294 Id, St."
331,NULL,807-8417 Cursus Avenue
113,NULL,422-5370 Nulla. Ave
329,NULL,Ap #378-1866 Sodales Road
43,NULL,165-9723 Duis Rd.
86,NULL,623-8822 Leo. St.
133,NULL,Ap #312-5020 Ligula. Avenue
449,NULL,269-3408 Sed Road
176,NULL,791-5571 Massa Rd.
346,NULL,"598-3216 Quam, Road"
450,NULL,Ap #705-1816 Lacus. Ave
391,NULL,279-8476 Diam St.
261,NULL,117-8432 Cras Rd.
242,NULL,"717-647 Eu, St."
175,NULL,Ap #723-4837 Etiam Ave
120,NULL,Ap #487-3743 Eget Road
336,NULL,Ap #229-1491 Integer Ave
431,NULL,Ap #282-9610 Sollicitudin Avenue
172,NULL,333-8905 Ut Street
406,NULL,419-5638 Arcu. Avenue
393,NULL,252-3937 Non Av.
479,NULL,"Ap #754-6908 Nunc, St."
60,NULL,Ap #699-299 Ridiculus Street
135,NULL,Ap #362-6261 Odio. Ave
252,NULL,Ap #168-4609 Semper St.
55,NULL,696-3061 Eu Av.
42,NULL,"Ap #443-157 Nunc, Street"
59,NULL,Ap #824-8322 Sapien. Street
171,NULL,"P.O. Box 388, 6939 Arcu Ave"
247,NULL,"P.O. Box 232, 1393 Purus. Rd."
427,NULL,6378 Augue Street
302,NULL,"P.O. Box 933, 2589 Elementum, Rd."
247,NULL,181-1861 Consectetuer Rd.
444,NULL,"774-5170 Eu, Avenue"
447,NULL,2660 Dignissim. Rd.
481,NULL,536-2786 Quisque Rd.
324,NULL,Ap #986-5152 Sodales Ave
306,NULL,Ap #565-6463 Lobortis Rd.
50,NULL,756-2521 Dapibus Rd.
373,NULL,Ap #625-4603 Sed Ave
476,NULL,191-3574 Condimentum. Road
108,NULL,431-9324 Dictum Ave
475,NULL,Ap #131-6672 Non Road
220,NULL,Ap #721-6273 Egestas. Road
444,NULL,Ap #244-1767 Ante Av.
406,NULL,Ap #961-7880 Volutpat. Ave
119,NULL,"455-5246 Montes, Rd."
86,NULL,450-6823 Donec Avenue
380,NULL,"500-4521 Auctor, St."
146,NULL,222-6902 Est Av.
454,NULL,338-6275 Augue Ave
134,NULL,894-4478 Amet Ave
370,NULL,Ap #463-6725 Tortor Ave
117,NULL,Ap #347-3445 Quis Road
478,NULL,1545 Dolor. Ave
70,NULL,614 Quam Road
336,NULL,934-2059 Nulla Av.
265,NULL,"P.O. Box 182, 587 Luctus. Rd."
378,NULL,"P.O. Box 343, 4096 Eleifend Ave"
209,NULL,Ap #571-9104 Donec Avenue
234,NULL,"361-9671 A, St."
383,NULL,Ap #223-5207 Elit. Road
272,NULL,1815 Sed Ave
452,NULL,241-4444 Sed St.
174,NULL,594-9716 Turpis Street
175,NULL,"P.O. Box 537, 3138 Arcu Rd."
112,NULL,1670 Ut St.
143,NULL,3139 Mauris Av.
438,NULL,187 Fermentum Av.
80,NULL,"P.O. Box 906, 5356 Sapien, Av."
142,NULL,Ap #967-9670 Risus. Street
351,NULL,5173 Augue Avenue
220,NULL,"P.O. Box 501, 3417 Ac Street"
264,NULL,Ap #535-9894 Nunc Rd.
256,NULL,528-4195 Sem Av.
403,NULL,"256 Vitae, Rd."
352,NULL,"423-2566 Odio, Rd."
276,NULL,981-5722 Tristique Street
438,NULL,6323 Enim Street
14,NULL,"P.O. Box 990, 4491 Vulputate Street"
195,NULL,547-1745 Gravida Road
140,NULL,818-892 Proin Avenue
474,NULL,"Ap #165-7807 Dui, Road"
315,NULL,103-9540 Eget Av.
418,NULL,Ap #465-5659 Sem Street
179,NULL,Ap #206-6482 Nulla Rd.
252,NULL,Ap #887-8792 Justo Av.
372,NULL,Ap #933-8737 Sed Rd.
331,NULL,"Ap #634-7078 Tellus, Av."
118,NULL,9751 Ante St.
242,NULL,"P.O. Box 191, 7034 Sit Street"
23,NULL,2198 Sagittis. St.
10,NULL,"4879 In, Av."
169,NULL,7549 Ante Rd.
253,NULL,"700-7696 Vitae, St."
6,NULL,"562-563 Sem, Ave"
199,NULL,586-2512 Massa. Road
425,NULL,194-9383 Pellentesque St.
319,NULL,567-6207 Suspendisse Rd.
252,NULL,390-6461 Hendrerit Street
329,NULL,Ap #747-1719 Sem Av.
329,NULL,881-3633 Iaculis Ave
257,NULL,"P.O. Box 722, 5092 Dui Ave"
63,NULL,"Ap #631-3023 Nec, Street"
225,NULL,564-4908 Aliquet St.
380,NULL,138 Amet Street
214,NULL,Ap #306-2737 Odio St.
316,NULL,735-1317 Eu Rd.
490,NULL,Ap #775-5780 Curae Av.
292,NULL,"Ap #744-2630 Ac, Ave"
273,NULL,255 Eu St.
361,NULL,4611 Turpis Ave
145,NULL,514-485 Amet Road
118,NULL,Ap #855-9002 Curae Avenue
357,NULL,"P.O. Box 304, 160 Mi, Street"
225,NULL,Ap #305-1676 Aliquam Ave
267,NULL,3254 Dapibus St.
71,NULL,6149 Quisque Avenue
119,NULL,Ap #539-9543 Nisl. Ave
69,NULL,"P.O. Box 307, 1688 Nec Ave"
365,NULL,364-5093 Dolor. Avenue
456,NULL,Ap #661-4781 Ac St.
246,NULL,"492-3246 Urna, St."
295,NULL,"P.O. Box 695, 8318 Facilisis, Av."
115,NULL,2309 Dui St.
328,NULL,"Ap #981-6865 Et, Street"
408,NULL,Ap #737-6158 Cras Rd.
444,NULL,9064 Ligula Road
203,NULL,Ap #722-5145 Tellus Road
61,NULL,6494 Orci. Road
421,NULL,913-7909 Vivamus St.
126,NULL,"500 A, Av."
326,NULL,422 Eu Rd.
365,NULL,608-4595 Velit Avenue
389,NULL,Ap #779-8132 Integer Av.
155,NULL,688-3336 Justo St.
453,NULL,Ap #785-1518 Nam Avenue
346,NULL,"P.O. Box 175, 7688 Interdum Av."
163,NULL,813-1930 Lacus. Road
90,NULL,Ap #769-5731 Nunc Road
494,NULL,270-7275 Ut Rd.
91,NULL,Ap #488-3577 Phasellus Rd.
127,NULL,530-2803 Purus. Rd.
4,NULL,555-7991 Dolor Road
450,NULL,"P.O. Box 110, 216 Odio, Rd."
273,NULL,612-6036 Tincidunt St.
492,NULL,Ap #254-3502 Felis. Road
303,NULL,"389-2374 Est, St."
51,NULL,"114-2919 Est, Street"
1,NULL,"P.O. Box 177, 2337 Euismod Road"
228,NULL,"P.O. Box 479, 5032 Libero Street"
344,NULL,302-6454 Amet Road
367,NULL,4085 In Avenue
396,NULL,139-2106 Faucibus St.
213,NULL,Ap #175-4930 Turpis. Street
434,NULL,9620 Eu Road
479,NULL,"P.O. Box 631, 4019 Dictum Rd."
238,NULL,"P.O. Box 788, 3136 Mauris Rd."
81,NULL,809-8478 Dictum Road
46,NULL,Ap #911-7632 Ac Avenue
11,NULL,Ap #767-2828 Magna Ave
81,NULL,228-6704 Proin Road
170,NULL,Ap #592-3556 Velit. Av.
281,NULL,Ap #434-8903 Neque Avenue
360,NULL,759-7409 Interdum. Road
335,NULL,"P.O. Box 303, 7602 Mus. Avenue"
290,NULL,853-5733 Rutrum Avenue
51,NULL,Ap #494-4974 Lacus St.
30,NULL,Ap #110-8502 Viverra. Avenue
410,NULL,603-7591 Nisi Avenue
52,NULL,Ap #853-1740 Enim. Rd.
202,NULL,951-3438 Lorem Rd.
163,NULL,Ap #906-7357 Nulla Road
472,NULL,987-2029 Cras Av.
147,NULL,Ap #785-9947 Sed St.
171,NULL,915-5231 Nascetur Avenue
423,NULL,3539 Diam. Ave
305,NULL,609-1299 Sed Rd.
418,NULL,"P.O. Box 502, 2008 Mus. Ave"
38,NULL,"Ap #101-5043 Lorem, St."
40,NULL,"P.O. Box 522, 8937 Scelerisque Rd."
264,NULL,Ap #619-2651 Scelerisque Rd.
50,NULL,847-3091 Tortor Av.
9,NULL,"6952 Quam, Rd."
451,NULL,"P.O. Box 514, 408 Aliquam Av."
480,NULL,401-2922 Suscipit Street
274,NULL,"P.O. Box 159, 5870 At Rd."
207,NULL,500-4835 Pellentesque Avenue
41,NULL,Ap #314-4184 Dictum. St.
410,NULL,6659 Urna. Rd.
388,NULL,722 Sociis Av.
127,NULL,"P.O. Box 303, 1467 Risus St."
172,NULL,662-3365 Arcu Ave
163,NULL,"P.O. Box 874, 4844 Sapien, Avenue"
364,NULL,"Ap #555-3575 Quam, Ave"
132,NULL,703-9792 Risus Road
162,NULL,4569 Aliquam Road
202,NULL,"P.O. Box 483, 7039 Facilisis Rd."
304,NULL,"279-353 Lorem, Avenue"
385,NULL,Ap #269-7289 Dignissim Avenue
315,NULL,"P.O. Box 601, 7529 Donec St."
206,NULL,362-1447 Nam Rd.
426,NULL,Ap #136-7776 Proin Rd.
48,NULL,Ap #948-1781 Malesuada Rd.
143,NULL,"P.O. Box 926, 8731 Pretium Av."
211,NULL,242 Orci Ave
50,NULL,373-6583 Netus Av.
167,NULL,"830-5429 Ante, Street"
234,NULL,5314 Aliquam St.
442,NULL,Ap #952-4054 Nunc Street
340,NULL,949-6307 Amet St.
129,NULL,Ap #367-9107 Cursus Avenue
91,NULL,"P.O. Box 365, 5660 Magna, Road"
210,NULL,"756-6714 Id, Street"
400,NULL,527-892 Ut St.
456,NULL,"P.O. Box 970, 8803 Eget Rd."
258,NULL,758-4474 Scelerisque St.
166,NULL,7439 Semper St.
236,NULL,"P.O. Box 158, 2053 Dui Av."
151,NULL,956-5098 Ac Avenue
353,NULL,"P.O. Box 140, 9878 Commodo Ave"
234,NULL,9727 Nonummy Rd.
82,NULL,Ap #404-7826 Malesuada Road
96,NULL,Ap #660-8225 Pellentesque St.
372,NULL,498-681 Sit St.
373,NULL,"P.O. Box 797, 1675 Imperdiet Avenue"
468,NULL,Ap #206-8300 Bibendum St.
228,NULL,Ap #367-1944 Et Street
328,NULL,119-5213 Rutrum Rd.
479,NULL,Ap #485-5301 Tortor Avenue
217,NULL,627-5100 Quam Street
480,NULL,"P.O. Box 747, 4206 Accumsan Rd."
492,NULL,"P.O. Box 190, 6940 Non, St."
46,NULL,2450 Adipiscing Av.
490,NULL,2662 Metus Rd.
419,NULL,Ap #165-3775 Nec St.
330,NULL,"Ap #279-476 Tempus, Avenue"
83,NULL,"P.O. Box 849, 4768 Ipsum. Street"
432,NULL,6469 Cursus Rd.
2,NULL,9770 Mauris Rd.
378,NULL,"P.O. Box 960, 3993 Enim Ave"
298,NULL,7598 Vivamus St.
19,NULL,"P.O. Box 424, 8014 Magna. Ave"
236,NULL,Ap #441-2309 Arcu Av.
462,NULL,Ap #258-2382 Massa Street
311,NULL,"P.O. Box 577, 602 Nulla Avenue"
138,NULL,690-7673 Auctor Ave
122,NULL,Ap #730-5201 Porta Rd.
202,NULL,"P.O. Box 685, 2580 Aliquet Avenue"
213,NULL,Ap #786-2938 Nisi. Rd.
471,NULL,284-1021 Sed St.
483,NULL,"5955 Vel, Rd."
375,NULL,749-6452 Lorem Rd.
318,NULL,Ap #780-9485 Venenatis Street
11,NULL,977-6992 Adipiscing Road
327,NULL,Ap #466-1338 Velit. St.
272,NULL,7214 Aliquam Rd.
91,NULL,Ap #315-1365 Nonummy Rd.
26,NULL,3943 Varius Avenue
397,NULL,344-7175 Ante Rd.
354,NULL,"P.O. Box 323, 4182 Elit, Street"
391,NULL,"P.O. Box 760, 5532 Pede. Road"
499,NULL,3786 Turpis. Av.
238,NULL,Ap #280-3426 Eleifend Road
65,NULL,Ap #698-2121 Phasellus Av.
217,NULL,696-9724 Ac Street
311,NULL,827-3415 Natoque Street
336,NULL,"P.O. Box 342, 5427 Vel Street"
262,NULL,Ap #365-917 Nulla Street
167,NULL,"7734 A, Av."
301,NULL,6908 Cras Avenue
175,NULL,434-4584 Duis Street
239,NULL,774-1339 Id Rd.
449,NULL,614-9976 Arcu. Ave
448,NULL,"757 Lorem, Avenue"
150,NULL,103-3129 Lobortis Avenue
460,NULL,Ap #925-7997 Odio. Ave
311,NULL,Ap #312-5746 Aliquet Road
181,NULL,Ap #712-3136 Nullam St.
72,NULL,"P.O. Box 479, 8843 Malesuada Rd."
388,NULL,"P.O. Box 500, 3904 Accumsan Avenue"
435,NULL,Ap #444-1719 Dis Road
51,NULL,"3992 Urna, Rd."
423,NULL,259-5992 Dolor. Rd.
121,NULL,Ap #110-1016 Vestibulum. Road
458,NULL,"Ap #340-3885 Vulputate, Road"
53,NULL,Ap #981-6876 Pretium Rd.
230,NULL,Ap #402-2589 Non Rd.
208,NULL,Ap #816-1246 Amet Ave
432,NULL,"P.O. Box 977, 8423 Mauris. Street"
341,NULL,223 Nunc Rd.
368,NULL,"P.O. Box 444, 726 At, Street"
342,NULL,857-6187 Praesent Ave
312,NULL,9084 Proin Avenue
322,NULL,"8932 A, Ave"
14,NULL,503-7306 Nunc Ave
129,NULL,"P.O. Box 622, 2408 Urna. Road"
62,NULL,616-7168 Mauris Rd.
37,NULL,Ap #214-1464 Eu St.
351,NULL,265-3900 Blandit St.
231,NULL,Ap #911-3332 Luctus Road
263,NULL,1556 Integer St.
423,NULL,"552-553 Ut, St."
7,NULL,136-8251 Blandit. Road
129,NULL,5862 Consectetuer St.
91,NULL,5271 Nullam Road
415,NULL,309-2397 Leo. Av.
58,NULL,"P.O. Box 706, 3184 Nascetur St."
461,NULL,"P.O. Box 429, 8242 Fringilla Rd."
480,NULL,876-7330 Malesuada Rd.
146,NULL,610-3518 In Rd.
120,NULL,352-3135 Pellentesque Av.
46,NULL,Ap #164-8867 Vivamus Av.
365,NULL,261-4448 Orci Rd.
134,NULL,Ap #990-4552 Duis Rd.
298,NULL,"184-2374 Quis, St."
471,NULL,Ap #286-8848 Interdum Street
387,NULL,9998 Non Rd.
350,NULL,887-5188 Dignissim Road
385,NULL,Ap #426-6511 Porttitor Avenue
58,NULL,"P.O. Box 376, 6724 Interdum. St."
246,NULL,"Ap #462-1853 Elit, St."
329,NULL,"P.O. Box 399, 698 Integer Ave"
43,NULL,"P.O. Box 338, 2120 Erat, Av."
261,NULL,286-7598 Mauris Rd.
188,NULL,Ap #277-5930 Non Ave
195,NULL,"P.O. Box 195, 5321 Ornare Street"
403,NULL,724-4726 Pellentesque St.
160,NULL,495-3816 Fusce Ave
167,NULL,Ap #581-9273 Erat Street
307,NULL,957-2602 Aenean Street
18,NULL,222-4460 Facilisis St.
68,NULL,"815-6228 Elit, Avenue"
212,NULL,"745-4479 Placerat, Rd."
14,NULL,687-6434 Congue. Street
257,NULL,507-6641 Justo Road
447,NULL,Ap #870-5297 Commodo Rd.
134,NULL,Ap #932-2621 Mauris St.
169,NULL,Ap #439-789 Risus. Ave
427,NULL,"6948 Lorem, Rd."
264,NULL,850-6888 Velit. Ave
120,NULL,861-8740 Nonummy. St.
80,NULL,Ap #571-7487 Turpis Avenue
469,NULL,"517-9319 Quis, Street"
344,NULL,"P.O. Box 764, 7284 Libero. Road"
49,NULL,"624-608 Ullamcorper, Ave"
84,NULL,470-8601 Faucibus Av.
190,NULL,9709 Mollis. St.
216,NULL,552-5306 Ligula Rd.
155,NULL,"Ap #185-6644 Ante, Av."
83,NULL,431-4904 Dui. Av.
127,NULL,678-2500 Posuere Av.
379,NULL,"P.O. Box 651, 2008 Dui, Rd."
52,NULL,"P.O. Box 301, 1752 Adipiscing Avenue"
215,NULL,782-2092 Aliquam Rd.
65,NULL,832-4017 Nulla Ave
82,NULL,Ap #448-2457 Mi Road
450,NULL,"214-7971 Vitae, Ave"
48,NULL,882-7764 Mi Avenue
480,NULL,"P.O. Box 996, 7095 Dictum Ave"
461,NULL,103-7165 Lacus. Road
189,NULL,8632 Tempor Rd.
165,NULL,401-7278 Dictum Ave
385,NULL,"P.O. Box 291, 686 Nunc Av."
14,NULL,899-7341 Ultrices St.
189,NULL,Ap #754-5734 Egestas. Rd.
228,NULL,369-8599 Ullamcorper Ave
23,NULL,Ap #681-4300 Ut Ave
28,NULL,"Ap #697-5030 Eu, Road"
265,NULL,499-1052 Quis Av.
293,NULL,622-2981 Penatibus St.
32,NULL,397-4369 Eu Street
410,NULL,8125 Aliquet. Road
233,NULL,887-4481 Pretium St.
154,NULL,"P.O. Box 252, 2838 Non, Ave"
47,NULL,Ap #799-3115 Nisl. Street
98,NULL,5922 Fusce Ave
79,NULL,9359 Scelerisque Avenue
199,NULL,611-643 Porttitor Ave
401,NULL,Ap #224-8622 Vitae Av.
473,NULL,Ap #845-4205 Aliquet. Ave
360,NULL,695-1472 Erat Avenue
3,NULL,"P.O. Box 156, 6838 Purus St."
347,NULL,"P.O. Box 902, 998 Nullam St."
177,NULL,Ap #141-3097 Ipsum Road
144,NULL,"P.O. Box 295, 4415 Sed Avenue"
341,NULL,256-4398 Nam Av.
178,NULL,3994 Natoque Avenue
97,NULL,"P.O. Box 603, 4813 Aenean St."
56,NULL,5892 Lectus Avenue
88,NULL,296-5187 Sed Rd.
31,NULL,Ap #369-2173 Arcu. Street
12,NULL,6024 Rutrum St.
443,NULL,470-1802 Dis Rd.
462,NULL,Ap #417-6909 Nunc Av.
74,NULL,"612-163 Pellentesque, Street"
78,NULL,828-2233 Praesent Rd.
138,NULL,"P.O. Box 305, 5913 Enim. Road"
231,NULL,Ap #104-9976 Sed Rd.
135,NULL,244-5003 Class Street
127,NULL,Ap #733-7843 Eleifend Av.
371,NULL,Ap #247-3589 Scelerisque St.
436,NULL,434-2470 Enim St.
48,NULL,941-9407 Mollis Rd.
106,NULL,Ap #883-8739 Sagittis. Av.
445,NULL,Ap #224-6497 Quis Avenue
438,NULL,950-6690 Lacus. Rd.
127,NULL,461-8490 Non Street
74,NULL,417-6322 Vitae Ave
347,NULL,515-4114 Convallis Ave
28,NULL,863-9007 Interdum Rd.
308,NULL,758-6993 Orci. Rd.
446,NULL,"742-133 Ut, Ave"
67,NULL,"P.O. Box 373, 1623 Mauris St."
247,NULL,Ap #964-2825 Eget St.
225,NULL,402-3495 Neque Av.
413,NULL,Ap #475-4036 Etiam Rd.
264,NULL,Ap #824-3133 A Rd.
189,NULL,"Ap #285-8377 Ut, St."
40,NULL,Ap #860-8398 Massa. Avenue
385,NULL,127-7654 Pharetra. Ave
266,NULL,Ap #714-3702 Et Street
63,NULL,689-3146 Tincidunt St.
374,NULL,Ap #187-3577 Fusce Rd.
332,NULL,1799 Velit Street
261,NULL,"P.O. Box 590, 8757 Adipiscing St."
479,NULL,Ap #851-5718 Tincidunt Av.
144,NULL,219-3083 Diam. Rd.
243,NULL,Ap #204-4577 Ipsum Avenue
285,NULL,365-8992 Donec Av.
98,NULL,"P.O. Box 250, 2346 A, Rd."
106,NULL,Ap #737-7261 Turpis St.
125,NULL,"P.O. Box 190, 6872 Fermentum Av."
134,NULL,Ap #594-5305 Turpis Av.
385,NULL,Ap #853-583 Porttitor Avenue
476,NULL,116-7838 Quisque Rd.
357,NULL,3906 Accumsan Road
387,NULL,Ap #413-1558 Vel Rd.
353,NULL,Ap #900-6816 Augue Rd.
145,NULL,9881 Condimentum. Street
140,NULL,"P.O. Box 492, 3626 Conubia Road"
454,NULL,4175 Ut St.
397,NULL,"P.O. Box 637, 710 Convallis Avenue"
437,NULL,176-4945 Diam Ave
76,NULL,8064 Nibh. Rd.
113,NULL,"P.O. Box 897, 2219 Porttitor St."
152,NULL,7083 Volutpat Street
32,NULL,9565 Quisque Road
384,NULL,7411 Quam Avenue
313,NULL,976-3995 Lobortis Rd.
57,NULL,986-9167 Mauris. Av.
57,NULL,"P.O. Box 589, 1836 Dui Road"
50,NULL,Ap #153-6239 Convallis St.
349,NULL,434-6579 A St.
359,NULL,4728 Ac Rd.
18,NULL,288-2285 Blandit Ave
255,NULL,Ap #678-755 Etiam Road
343,NULL,"P.O. Box 490, 9333 Lorem Rd."
130,NULL,751-7160 Nullam St.
91,NULL,"869-5298 Aliquet, Av."
